No;Area Fungsi Kunci;Area Fungsi Kunci_eng;Area Fungsi Mayor;Sub Area Fungsi Mayor;Kode Okupasi;Okupasi;Level;Pemutakhiran Terakhir;Status
1;TATA KELOLA TEKNOLOGI INFORMASI (IT GOVERNANCE);IT Governance;Belum ada;Belum ada;TIK.ITG0901;PEMIMPIN INFORMASI (CHIEF INFORMATION OFFICER);9;17 Januari 2025;Ada UK dari selain SKK
2;TATA KELOLA TEKNOLOGI INFORMASI (IT GOVERNANCE);IT Governance;Belum ada;Belum ada;TIK.ITG0902;PEMIMPIN KEPATUHAN (CHIEF COMPLIANCE OFFICER (CCO));9;17 Januari 2025;Semua UK ada di SKK
3;TATA KELOLA TEKNOLOGI INFORMASI (IT GOVERNANCE);IT Governance;Belum ada;Belum ada;TIK.ITG0804;KEPALA PORTOFOLIO PROYEK TI (LEAD IT PROJECT PORTFOLIO);8;17 Januari 2025;Semua UK ada di SKK
4;TATA KELOLA TEKNOLOGI INFORMASI (IT GOVERNANCE);IT Governance;Belum ada;Belum ada;TIK.ITG0805;SPESIALIS PENASIHAT TI (SPECIALIST IT ADVISOR);8;17 Januari 2025;Semua UK tidak ada di SKK
5;TATA KELOLA TEKNOLOGI INFORMASI (IT GOVERNANCE);IT Governance;Belum ada;Belum ada;TIK.ITG0806;KEPALA KONSULTAN TI (LEAD IT CONSULTANT);8;17 Januari 2025;Semua UK tidak ada di SKK
6;TATA KELOLA TEKNOLOGI INFORMASI (IT GOVERNANCE);IT Governance;Belum ada;Belum ada;TIK.ITG0801;KEPALA ARSITEKTUR PERUSAHAAN (LEAD ENTERPRISE ARCHITECTURE);8;24 Januari 2025;Ada UK dari selain SKK
7;TATA KELOLA TEKNOLOGI INFORMASI (IT GOVERNANCE);IT Governance;Belum ada;Belum ada;TIK.ITG0803;KEPALA MANAJEMEN PROGRAM (LEAD PROGRAM MANAGEMENT);8;5 Mei 2025;Semua UK ada di SKK
8;TATA KELOLA TEKNOLOGI INFORMASI (IT GOVERNANCE);IT Governance;Belum ada;Belum ada;TIK.ITG0807;KEPALA MANAJEMEN SISTEM (LEAD SYSTEMS MANAGEMENT);8;27 Februari 2025;Ada UK dari selain SKK
9;TATA KELOLA TEKNOLOGI INFORMASI (IT GOVERNANCE);IT Governance;Belum ada;Belum ada;TIK.ITG0802;KEPALA PENASIHAT TI (LEAD IT ADVISOR);8;1 Agustus 2025;Semua UK tidak ada di SKK
10;TATA KELOLA TEKNOLOGI INFORMASI (IT GOVERNANCE);IT Governance;Belum ada;Belum ada;TIK.ITG0701;MANAJER PEMULIHAN BENCANA (DISASTER RECOVERY MANAGER);7;17 Januari 2025;Semua UK ada di SKK
11;TATA KELOLA TEKNOLOGI INFORMASI (IT GOVERNANCE);IT Governance;Belum ada;Belum ada;TIK.ITG0702;MANAJER PEMULIHAN BENCANA DAN KELANGSUNGAN BISNIS (DISASTER RECOVERY AND BUSINESS CONTINUITY MANAGER);7;17 Januari 2025;UK dicabut dan tidak berlaku
12;TATA KELOLA TEKNOLOGI INFORMASI (IT GOVERNANCE);IT Governance;Belum ada;Belum ada;TIK.ITG0703;MANAJER PROYEK TIK  (ICT PROJECT MANAGER);7;31 Januari 2025;Semua UK ada di SKK
13;TATA KELOLA TEKNOLOGI INFORMASI (IT GOVERNANCE);IT Governance;Belum ada;Belum ada;TIK.ITG0704;MANAJER ARSITEKTUR PERUSAHAAN (ENTERPRISE ARCHITECTURE MANAGER);7;31 Januari 2025;Semua UK ada di SKK
14;TATA KELOLA TEKNOLOGI INFORMASI (IT GOVERNANCE);IT Governance;Belum ada;Belum ada;TIK.ITG0705;PERENCANA TRANSFORMASI DIGITAL 4.0 (DIGITAL TRANSFORMATION PLANNER 4.0);7;11 Maret 2025;Semua UK ada di SKK
15;TATA KELOLA TEKNOLOGI INFORMASI (IT GOVERNANCE);IT Governance;Belum ada;Belum ada;TIK.ITG0706;MANAJER KONSULTAN TI (IT CONSULTANT MANAGER);7;31 Januari 2025;Semua UK tidak ada di SKK
16;TATA KELOLA TEKNOLOGI INFORMASI (IT GOVERNANCE);IT Governance;Belum ada;Belum ada;TIK.ITG0707;MANAJER AUDIT TI (IT AUDIT MANAGER);7;11 Maret 2025;Semua UK ada di SKK
17;TATA KELOLA TEKNOLOGI INFORMASI (IT GOVERNANCE);IT Governance;Belum ada;Belum ada;TIK.ITG0708;PENJAMIN KUALITAS TI (IT QUALITY ASSURANCE);7;4 Agustus 2025;UK dicabut dan tidak berlaku
18;TATA KELOLA TEKNOLOGI INFORMASI (IT GOVERNANCE);IT Governance;Belum ada;Belum ada;TIK.ITG0709;MANAJER PENJAMINAN KUALITAS (QUALITY ASSURANCE MANAGER);7;31 Januari 2025;UK dicabut dan tidak berlaku
19;TATA KELOLA TEKNOLOGI INFORMASI (IT GOVERNANCE);IT Governance;Belum ada;Belum ada;TIK.ITG0601;AHLI METODE SCRUM (SCRUM MASTER);6;22 Januari 2025;Ada UK dari selain SKK
20;TATA KELOLA TEKNOLOGI INFORMASI (IT GOVERNANCE);IT Governance;Belum ada;Belum ada;TIK.ITG0602;PEMILIK PRODUK (PRODUCT OWNER);6;22 Januari 2025;Ada UK dari selain SKK
21;TATA KELOLA TEKNOLOGI INFORMASI (IT GOVERNANCE);IT Governance;Belum ada;Belum ada;TIK.ITG0603;ARSITEK PERUSAHAAN (ENTERPRISE ARCHITECT);6;11 Maret 2025;Semua UK ada di SKK
22;TATA KELOLA TEKNOLOGI INFORMASI (IT GOVERNANCE);IT Governance;Belum ada;Belum ada;TIK.ITG0604;ARSITEK TEKNOLOGI (TECHNOLOGY ARCHITECT);6;17 Januari 2025;Semua UK ada di SKK
23;TATA KELOLA TEKNOLOGI INFORMASI (IT GOVERNANCE);IT Governance;Belum ada;Belum ada;TIK.ITG0605;KONSULTAN TI (IT CONSULTANT);6;17 Januari 2025;Semua UK tidak ada di SKK
24;TATA KELOLA TEKNOLOGI INFORMASI (IT GOVERNANCE);IT Governance;Belum ada;Belum ada;TIK.ITG0606;AUDITOR TI (IT AUDITOR);6;17 Januari 2025;Semua UK ada di SKK
25;TATA KELOLA TEKNOLOGI INFORMASI (IT GOVERNANCE);IT Governance;Belum ada;Belum ada;TIK.ITG0607;SUPERVISOR AUDIT TI (IT AUDIT SUPERVISOR);6;17 Januari 2025;Semua UK ada di SKK
26;TATA KELOLA TEKNOLOGI INFORMASI (IT GOVERNANCE);IT Governance;Belum ada;Belum ada;TIK.ITG0501;PERENCANA KAPASITAS MUDA (ASSOCIATE CAPACITY PLANNER);5;17 Januari 2025;Ada UK dari selain SKK
27;TATA KELOLA TEKNOLOGI INFORMASI (IT GOVERNANCE);IT Governance;Belum ada;Belum ada;TIK.ITG0502;ARSITEK PERUSAHAAN MUDA (ASSOCIATE ENTERPRISE ARCHITECT);5;31 Januari 2025;Semua UK ada di SKK
28;TATA KELOLA TEKNOLOGI INFORMASI (IT GOVERNANCE);IT Governance;Belum ada;Belum ada;TIK.ITG0503;KONSULTAN TI MUDA (ASSOCIATE IT CONSULTANT);5;27 Februari 2025;Ada UK dari selain SKK
29;TATA KELOLA TEKNOLOGI INFORMASI (IT GOVERNANCE);IT Governance;Belum ada;Belum ada;TIK.ITG0504;ASISTEN AUDIT TI (IT AUDIT ASSISTANT);5;17 Januari 2025;Semua UK ada di SKK
30;TATA KELOLA TEKNOLOGI INFORMASI (IT GOVERNANCE);IT Governance;Belum ada;Belum ada;TIK.ITG0505;PENGUJI PENJAMINAN KUALITAS PERANGKAT LUNAK MUDA (ASSOCIATE SOFTWARE QA TESTER);5;27 Februari 2025;Ada UK dari selain SKK
31;TATA KELOLA TEKNOLOGI INFORMASI (IT GOVERNANCE);IT Governance;Belum ada;Belum ada;TIK.ITG0401;ASISTEN PENJAMINAN KUALITAS (QA ASSISTANT);4;27 Februari 2025;Ada UK dari selain SKK
32;TATA KELOLA TEKNOLOGI INFORMASI (IT GOVERNANCE);IT Governance;Belum ada;Belum ada;TIK.ITG0402;ASISTEN SISTEM INFORMASI (INFORMATION SYSTEMS ASSISTANT);4;27 Februari 2025;Ada UK dari selain SKK
33;TATA KELOLA TEKNOLOGI INFORMASI (IT GOVERNANCE);IT Governance;Belum ada;Belum ada;TIK.ITG0301;STAF AUDIT TI (IT AUDIT STAFF);3;17 Januari 2025;Semua UK ada di SKK
34;PENGEMBANGAN PRODUK DIGITAL (DIGITAL PRODUCT DEVELOPMENT);Digital Product Development;Belum ada;Belum ada;TIK.DEV0901;PEMIMPIN APLIKASI BISNIS (CHIEF BUSINESS APPLICATIONS OFFICER);9;27 Februari 2025;Semua UK ada di SKK
35;PENGEMBANGAN PRODUK DIGITAL (DIGITAL PRODUCT DEVELOPMENT);Digital Product Development;Belum ada;Belum ada;TIK.DEV0902;PEMIMPIN TEKNOLOGI (CHIEF TECHNOLOGY OFFICER);9;27 Februari 2025;Semua UK ada di SKK
36;PENGEMBANGAN PRODUK DIGITAL (DIGITAL PRODUCT DEVELOPMENT);Digital Product Development;Belum ada;Belum ada;TIK.DEV0801;KEPALA PEMROGRAM (LEAD PROGRAMMER);8;5 Maret 2025;UK dicabut dan tidak berlaku
37;PENGEMBANGAN PRODUK DIGITAL (DIGITAL PRODUCT DEVELOPMENT);Digital Product Development;Belum ada;Belum ada;TIK.DEV0714;PEMROGRAM MOBILE (MOBILE PROGRAMMER);7;20 Februari 2025;UK dicabut dan tidak berlaku
38;PENGEMBANGAN PRODUK DIGITAL (DIGITAL PRODUCT DEVELOPMENT);Digital Product Development;Belum ada;Belum ada;TIK.DEV0702;MANAJER REKAYASA PERANGKAT LUNAK (SOFTWARE ENGINEERING MANAGER);7;27 Februari 2025;Semua UK ada di SKK
39;PENGEMBANGAN PRODUK DIGITAL (DIGITAL PRODUCT DEVELOPMENT);Digital Product Development;Belum ada;Belum ada;TIK.DEV0703;MANAJER PERANGKAT LUNAK SISTEM (SYSTEMS SOFTWARE MANAGER);7;27 Februari 2025;Semua UK ada di SKK
40;PENGEMBANGAN PRODUK DIGITAL (DIGITAL PRODUCT DEVELOPMENT);Digital Product Development;Belum ada;Belum ada;TIK.DEV0704;MANAJER APLIKASI AUTOMASI PERKANTORAN (OFFICE AUTOMATION APPLICATIONS MANAGER);7;27 Februari 2025;Semua UK ada di SKK
41;PENGEMBANGAN PRODUK DIGITAL (DIGITAL PRODUCT DEVELOPMENT);Digital Product Development;Belum ada;Belum ada;TIK.DEV0705;MANAJER PEMROGRAMAN APLIKASI (APPLICATIONS PROGRAMMING MANAGER);7;27 Februari 2025;Semua UK ada di SKK
42;PENGEMBANGAN PRODUK DIGITAL (DIGITAL PRODUCT DEVELOPMENT);Digital Product Development;Belum ada;Belum ada;TIK.DEV0706;MANAJER INSINYUR PERANGKAT LUNAK (SOFTWARE ENGINEER MANAGER);7;27 Februari 2025;Semua UK ada di SKK
43;PENGEMBANGAN PRODUK DIGITAL (DIGITAL PRODUCT DEVELOPMENT);Digital Product Development;Belum ada;Belum ada;TIK.DEV0707;PENGEMBANG FULL STACK (FULL STACK DEVELOPER);7;31 Januari 2025;Semua UK ada di SKK
44;PENGEMBANGAN PRODUK DIGITAL (DIGITAL PRODUCT DEVELOPMENT);Digital Product Development;Belum ada;Belum ada;TIK.DEV0708;INSINYUR PERANGKAT LUNAK (SOFTWARE ENGINEER);7;20 Februari 2025;Semua UK ada di SKK
45;PENGEMBANGAN PRODUK DIGITAL (DIGITAL PRODUCT DEVELOPMENT);Digital Product Development;Belum ada;Belum ada;TIK.DEV0709;INSINYUR PENJAMINAN KUALITAS PERANGKAT LUNAK (SOFTWARE QA ENGINEER);7;31 Januari 2025;Semua UK ada di SKK
46;PENGEMBANGAN PRODUK DIGITAL (DIGITAL PRODUCT DEVELOPMENT);Digital Product Development;Belum ada;Belum ada;TIK.DEV0710;INSINYUR PERSYARATAN (REQUIREMENTS ENGINEER);7;31 Januari 2025;Semua UK ada di SKK
47;PENGEMBANGAN PRODUK DIGITAL (DIGITAL PRODUCT DEVELOPMENT);Digital Product Development;Belum ada;Belum ada;TIK.DEV0701;MANAJER PENGEMBANGAN SISTEM (SYSTEM DEVELOPMENT MANAGER);7;18 Februari 2025;Semua UK ada di SKK
48;PENGEMBANGAN PRODUK DIGITAL (DIGITAL PRODUCT DEVELOPMENT);Digital Product Development;Belum ada;Belum ada;TIK.DEV0711;MANAJER ARSITEKTUR INFORMASI (INFORMATION ARCHITECTURE MANAGER);7;27 Februari 2025;Semua UK ada di SKK
49;PENGEMBANGAN PRODUK DIGITAL (DIGITAL PRODUCT DEVELOPMENT);Digital Product Development;Belum ada;Belum ada;TIK.DEV0712;MANAJER DUKUNGAN TI (IT SUPPORT MANAGER);7;27 Februari 2025;Semua UK ada di SKK
50;PENGEMBANGAN PRODUK DIGITAL (DIGITAL PRODUCT DEVELOPMENT);Digital Product Development;Belum ada;Belum ada;TIK.DEV0713;MANAJER SISTEM INFORMASI MANAJEMEN (MIS MANAGER);7;27 Februari 2025;Semua UK ada di SKK
51;PENGEMBANGAN PRODUK DIGITAL (DIGITAL PRODUCT DEVELOPMENT);Digital Product Development;Belum ada;Belum ada;TIK.DEV0602;ANALIS PROGRAM (PROGRAM ANALYST);6;17 Januari 2025;Semua UK ada di SKK
52;PENGEMBANGAN PRODUK DIGITAL (DIGITAL PRODUCT DEVELOPMENT);Digital Product Development;Belum ada;Belum ada;TIK.DEV0603;PEMROGRAM BASISDATA (DATABASE PROGRAMMER);6;5 Maret 2025;UK dicabut dan tidak berlaku
53;PENGEMBANGAN PRODUK DIGITAL (DIGITAL PRODUCT DEVELOPMENT);Digital Product Development;Belum ada;Belum ada;TIK.DEV0604;PENGEMBANG WEB (WEB DEVELOPER);6;5 Maret 2025;UK dicabut dan tidak berlaku
54;PENGEMBANGAN PRODUK DIGITAL (DIGITAL PRODUCT DEVELOPMENT);Digital Product Development;Belum ada;Belum ada;TIK.DEV0605;SUPERVISOR PEMROGRAM APLIKASI (APPLICATION PROGRAMMER SUPERVISOR);6;17 Januari 2025;UK dicabut dan tidak berlaku
55;PENGEMBANGAN PRODUK DIGITAL (DIGITAL PRODUCT DEVELOPMENT);Digital Product Development;Belum ada;Belum ada;TIK.DEV0606;SUPERVISOR PEMROGRAM SISTEM (SYSTEMS PROGRAMMER SUPERVISOR);6;27 Februari 2025;Ada UK dari selain SKK
56;PENGEMBANGAN PRODUK DIGITAL (DIGITAL PRODUCT DEVELOPMENT);Digital Product Development;Belum ada;Belum ada;TIK.DEV0607;ANALIS BISNIS (BUSINESS ANALYST);6;27 Februari 2025;Ada UK dari selain SKK
57;PENGEMBANGAN PRODUK DIGITAL (DIGITAL PRODUCT DEVELOPMENT);Digital Product Development;Belum ada;Belum ada;TIK.DEV0608;ANALIS PENJAMINAN KUALITAS PERANGKAT LUNAK (SOFTWARE QA ANALYST);6;31 Januari 2025;Semua UK ada di SKK
58;PENGEMBANGAN PRODUK DIGITAL (DIGITAL PRODUCT DEVELOPMENT);Digital Product Development;Belum ada;Belum ada;TIK.DEV0609;PENGEMBANG BACKEND (BACKEND DEVELOPER);6;31 Januari 2025;Semua UK ada di SKK
59;PENGEMBANGAN PRODUK DIGITAL (DIGITAL PRODUCT DEVELOPMENT);Digital Product Development;Belum ada;Belum ada;TIK.DEV0610;PENGEMBANG FRONTEND (FRONTEND DEVELOPER);6;31 Januari 2025;Semua UK ada di SKK
60;PENGEMBANGAN PRODUK DIGITAL (DIGITAL PRODUCT DEVELOPMENT);Digital Product Development;Belum ada;Belum ada;TIK.DEV0611;SUPERVISOR PEMROGRAM MOBILE (MOBILE PROGRAMMER SUPERVISOR);6;31 Januari 2025;Semua UK ada di SKK
61;PENGEMBANGAN PRODUK DIGITAL (DIGITAL PRODUCT DEVELOPMENT);Digital Product Development;Belum ada;Belum ada;TIK.DEV0616;SUPERVISOR INFORMASI (INFORMATION SUPERVISOR);6;31 Januari 2025;Semua UK ada di SKK
62;PENGEMBANGAN PRODUK DIGITAL (DIGITAL PRODUCT DEVELOPMENT);Digital Product Development;Belum ada;Belum ada;TIK.DEV0612;SUPERVISOR MOBILE COMPUTING (MOBILE COMPUTING SUPERVISOR);6;20 Februari 2025;Semua UK ada di SKK
63;PENGEMBANGAN PRODUK DIGITAL (DIGITAL PRODUCT DEVELOPMENT);Digital Product Development;Belum ada;Belum ada;TIK.DEV0601;SUPERVISOR PEMROGRAM (PROGRAMMER SUPERVISOR);6;5 Maret 2025;UK dicabut dan tidak berlaku
64;PENGEMBANGAN PRODUK DIGITAL (DIGITAL PRODUCT DEVELOPMENT);Digital Product Development;Belum ada;Belum ada;TIK.DEV0613;ANALIS SISTEM (SYSTEM ANALYST);6;31 Januari 2025;Semua UK ada di SKK
65;PENGEMBANGAN PRODUK DIGITAL (DIGITAL PRODUCT DEVELOPMENT);Digital Product Development;Belum ada;Belum ada;TIK.DEV0614;SUPERVISOR DUKUNGAN TI (IT SUPPORT SUPERVISOR);6;21 Juli 2025;Semua UK ada di SKK
66;PENGEMBANGAN PRODUK DIGITAL (DIGITAL PRODUCT DEVELOPMENT);Digital Product Development;Belum ada;Belum ada;TIK.DEV0615;PENGEMBANG SISTEM PERANGKAT LUNAK (SOFTWARE SYSTEM DEVELOPER);6;5 Maret 2025;UK dicabut dan tidak berlaku
67;PENGEMBANGAN PRODUK DIGITAL (DIGITAL PRODUCT DEVELOPMENT);Digital Product Development;Belum ada;Belum ada;TIK.DEV0617;SUPERVISOR TEKNIK MULTIMEDIA (MULTIMEDIA TECHNICAL SUPERVISOR);6;21 Februari 2025;Ada UK dari selain SKK
68;PENGEMBANGAN PRODUK DIGITAL (DIGITAL PRODUCT DEVELOPMENT);Digital Product Development;Belum ada;Belum ada;TIK.DEV0618;PENGELOLA ERP (ERP OFFICER);6;17 Januari 2025;Semua UK ada di SKK
69;PENGEMBANGAN PRODUK DIGITAL (DIGITAL PRODUCT DEVELOPMENT);Digital Product Development;Belum ada;Belum ada;TIK.DEV0619;AHLI MANAJEMEN SUMBER DAYA PERUSAHAAN (ENTERPRISE RESOURCE MANAGEMENT SUBJECT MATTER EXPERT);6;17 Januari 2025;Semua UK ada di SKK
70;PENGEMBANGAN PRODUK DIGITAL (DIGITAL PRODUCT DEVELOPMENT);Digital Product Development;Belum ada;Belum ada;TIK.DEV0501;PEMROGRAM DATABASE MUDA (ASSOCIATE DATABASE PROGRAMMER);5;31 Januari 2025;Semua UK ada di SKK
71;PENGEMBANGAN PRODUK DIGITAL (DIGITAL PRODUCT DEVELOPMENT);Digital Product Development;Belum ada;Belum ada;TIK.DEV0502;PEMROGRAM MUDA (ASSOCIATE PROGRAMMER);5;17 Januari 2025;Semua UK ada di SKK
72;PENGEMBANGAN PRODUK DIGITAL (DIGITAL PRODUCT DEVELOPMENT);Digital Product Development;Belum ada;Belum ada;TIK.DEV0503;PEMROGRAM SISTEM MUDA (ASSOCIATE SYSTEMS PROGRAMMER);5;5 Maret 2025;UK dicabut dan tidak berlaku
73;PENGEMBANGAN PRODUK DIGITAL (DIGITAL PRODUCT DEVELOPMENT);Digital Product Development;Belum ada;Belum ada;TIK.DEV0508;PENGELOLA ASET TI MUDA (ASSOCIATE IT ASSET);5;27 Februari 2025;Semua UK ada di SKK
74;PENGEMBANGAN PRODUK DIGITAL (DIGITAL PRODUCT DEVELOPMENT);Digital Product Development;Belum ada;Belum ada;TIK.DEV0505;PEMROGRAM MOBILE MUDA (ASSOCIATE MOBILE PROGRAMMER);5;31 Januari 2025;Semua UK ada di SKK
75;PENGEMBANGAN PRODUK DIGITAL (DIGITAL PRODUCT DEVELOPMENT);Digital Product Development;Belum ada;Belum ada;TIK.DEV0506;PENGUJI KUALITAS PERANGKAT LUNAK MUDA (ASSOCIATE SOFTWARE QUALITY TESTER);5;31 Januari 2025;Semua UK ada di SKK
76;PENGEMBANGAN PRODUK DIGITAL (DIGITAL PRODUCT DEVELOPMENT);Digital Product Development;Belum ada;Belum ada;TIK.DEV0507;MOBILE COMPUTING MUDA (ASSOCIATE MOBILE COMPUTING);5;26 Februari 2025;Semua UK ada di SKK
77;PENGEMBANGAN PRODUK DIGITAL (DIGITAL PRODUCT DEVELOPMENT);Digital Product Development;Belum ada;Belum ada;TIK.DEV0504;PEMROGRAM APLIKASI MUDA (ASSOCIATE APPLICATION PROGRAMMER);5;27 Februari 2025;Ada UK dari selain SKK
78;PENGEMBANGAN PRODUK DIGITAL (DIGITAL PRODUCT DEVELOPMENT);Digital Product Development;Belum ada;Belum ada;TIK.DEV0509;PENGELOLA SISTEM INFORMASI MANAJEMEN MUDA (ASSOCIATE MIS);5;31 Januari 2025;Semua UK ada di SKK
79;PENGEMBANGAN PRODUK DIGITAL (DIGITAL PRODUCT DEVELOPMENT);Digital Product Development;Belum ada;Belum ada;TIK.DEV0510;INSINYUR INTERAKTIF MUDA (ASSOCIATE INTERACTIVE ENGINEER);5;21 Februari 2025;Ada UK dari selain SKK
80;PENGEMBANGAN PRODUK DIGITAL (DIGITAL PRODUCT DEVELOPMENT);Digital Product Development;Belum ada;Belum ada;TIK.DEV0511;ANALIS TEKNIS MUDA (ASSOCIATE TECHNICAL ANALYST);5;17 Januari 2025;Ada UK dari selain SKK
81;PENGEMBANGAN PRODUK DIGITAL (DIGITAL PRODUCT DEVELOPMENT);Digital Product Development;Belum ada;Belum ada;TIK.DEV0512;ANALIS ERP MUDA (ASSOCIATE ERP ANALYST);5;17 Januari 2025;Semua UK ada di SKK
82;PENGEMBANGAN PRODUK DIGITAL (DIGITAL PRODUCT DEVELOPMENT);Digital Product Development;Belum ada;Belum ada;TIK.DEV0513;PENERAPAN & OPERASIONAL ERP MUDA (ASSOCIATE ERP DEPLOYMENT & OPERATION);5;21 Juli 2025;Semua UK ada di SKK
83;PENGEMBANGAN PRODUK DIGITAL (DIGITAL PRODUCT DEVELOPMENT);Digital Product Development;Belum ada;Belum ada;TIK.DEV0514;ANALIS PENGAMBILAN KEPUTUSAN ERP MUDA (ASSOCIATE ERP DECISION SUPPORT ANALYST);5;24 Februari 2025;Semua UK ada di SKK
84;PENGEMBANGAN PRODUK DIGITAL (DIGITAL PRODUCT DEVELOPMENT);Digital Product Development;Belum ada;Belum ada;TIK.DEV0515;ANALIS DATA MASTER ERP MUDA (ASSOCIATE ERP MASTER DATA ANALYST);5;17 Januari 2025;Semua UK ada di SKK
85;PENGEMBANGAN PRODUK DIGITAL (DIGITAL PRODUCT DEVELOPMENT);Digital Product Development;Belum ada;Belum ada;TIK.DEV0516;ARSITEK ERP MUDA (ASSOCIATE ERP ARCHITECT);5;17 Januari 2025;Semua UK ada di SKK
86;PENGEMBANGAN PRODUK DIGITAL (DIGITAL PRODUCT DEVELOPMENT);Digital Product Development;Belum ada;Belum ada;TIK.DEV0401;ASISTEN PENGEMBANG WEB (ASSISTANT WEB DEVELOPER);4;17 Januari 2025;Semua UK ada di SKK
87;PENGEMBANGAN PRODUK DIGITAL (DIGITAL PRODUCT DEVELOPMENT);Digital Product Development;Belum ada;Belum ada;TIK.DEV0402;ASISTEN PENGUJI PERANGKAT LUNAK (ASSISTANT SOFTWARE TESTER);4;31 Januari 2025;Semua UK ada di SKK
88;PENGEMBANGAN PRODUK DIGITAL (DIGITAL PRODUCT DEVELOPMENT);Digital Product Development;Belum ada;Belum ada;TIK.DEV0403;ASISTEN MOBILE COMPUTING (MOBILE COMPUTING ASSISTANT);4;31 Januari 2025;Semua UK ada di SKK
89;PENGEMBANGAN PRODUK DIGITAL (DIGITAL PRODUCT DEVELOPMENT);Digital Product Development;Belum ada;Belum ada;TIK.DEV0404;ASISTEN MANAJEMEN INFORMASI (INFORMATION MANAGEMENT ASSISTANT);4;17 Januari 2025;Semua UK ada di SKK
90;PENGEMBANGAN PRODUK DIGITAL (DIGITAL PRODUCT DEVELOPMENT);Digital Product Development;Belum ada;Belum ada;TIK.DEV0405;ASISTEN PEMROGRAM FRONT-END (ASSISTANT FRONT-END PROGRAMMER);4;21 Februari 2025;Ada UK dari selain SKK
91;PENGEMBANGAN PRODUK DIGITAL (DIGITAL PRODUCT DEVELOPMENT);Digital Product Development;Belum ada;Belum ada;TIK.DEV0406;ASISTEN PEMROGRAM BACK-END (ASSISTANT BACK-END PROGRAMMER);4;17 Januari 2025;UK dicabut dan tidak berlaku
92;PENGEMBANGAN PRODUK DIGITAL (DIGITAL PRODUCT DEVELOPMENT);Digital Product Development;Belum ada;Belum ada;TIK.DEV0407;ASISTEN PENDUKUNG TEKNIK (TECHNICAL SUPPORT ASSISTANT);4;21 Februari 2025;Ada UK dari selain SKK
93;PENGEMBANGAN PRODUK DIGITAL (DIGITAL PRODUCT DEVELOPMENT);Digital Product Development;Belum ada;Belum ada;TIK.DEV0408;ASISTEN PELAKSANA ERP (ASSISTANT ERP IMPLEMENTOR);4;17 Januari 2025;Semua UK ada di SKK
94;PENGEMBANGAN PRODUK DIGITAL (DIGITAL PRODUCT DEVELOPMENT);Digital Product Development;Belum ada;Belum ada;TIK.DEV0409;ASISTEN TIM ERP (ERP TEAM ASSISTANT);4;24 Februari 2025;Semua UK ada di SKK
95;PENGEMBANGAN PRODUK DIGITAL (DIGITAL PRODUCT DEVELOPMENT);Digital Product Development;Belum ada;Belum ada;TIK.DEV0301;MOBILE COMPUTING JUNIOR (JUNIOR MOBILE COMPUTING);3;17 Januari 2025;Semua UK ada di SKK
96;PENGEMBANGAN PRODUK DIGITAL (DIGITAL PRODUCT DEVELOPMENT);Digital Product Development;Belum ada;Belum ada;TIK.DEV0302;PEMROGRAM FRONT-END JUNIOR (JUNIOR FRONT-END PROGRAMMER);3;21 Juli 2025;UK dicabut dan tidak berlaku
97;PENGEMBANGAN PRODUK DIGITAL (DIGITAL PRODUCT DEVELOPMENT);Digital Product Development;Belum ada;Belum ada;TIK.DEV0303;PEMROGRAM BACK-END JUNIOR (JUNIOR BACK-END PROGRAMMER);3;21 Februari 2025;Ada UK dari selain SKK
98;PENGEMBANGAN PRODUK DIGITAL (DIGITAL PRODUCT DEVELOPMENT);Digital Product Development;Belum ada;Belum ada;TIK.DEV0304;DUKUNGAN TEKNIK JUNIOR (JUNIOR TECHNICAL SUPPORT);3;21 Februari 2025;Ada UK dari selain SKK
99;PENGEMBANGAN PRODUK DIGITAL (DIGITAL PRODUCT DEVELOPMENT);Digital Product Development;Belum ada;Belum ada;TIK.DEV0305;MANAJEMEN INFORMASI JUNIOR (JUNIOR INFORMATION MANAGEMENT);3;21 Januari 2025;Semua UK ada di SKK
100;PENGEMBANGAN PRODUK DIGITAL (DIGITAL PRODUCT DEVELOPMENT);Digital Product Development;Belum ada;Belum ada;TIK.DEV0201;STAF PEMROGRAM (PROGRAMMER STAFF);2;17 Januari 2025;Ada UK dari selain SKK
101;PENGEMBANGAN PRODUK DIGITAL (DIGITAL PRODUCT DEVELOPMENT);Digital Product Development;Belum ada;Belum ada;TIK.DEV0202;STAF PUSTAKAWAN MULTIMEDIA (MULTIMEDIA LIBRARIAN STAFF);2;17 Januari 2025;UK dicabut dan tidak berlaku
102;SAINS DATA-KECERDASAN ARTIFISIAL (DATA SCIENCE-ARTIFICIAL INTELLIGENCE);Data Science-Artificial Intelligence;Belum ada;Belum ada;TIK.DSC0901;PEMIMPIN DATA (CHIEF DATA OFFICER);9;27 Februari 2025;Semua UK ada di SKK
103;SAINS DATA-KECERDASAN ARTIFISIAL (DATA SCIENCE-ARTIFICIAL INTELLIGENCE);Data Science-Artificial Intelligence;Belum ada;Belum ada;TIK.DSC0807;SPESIALIS ARSITEKTUR DATA (DATA ARCHITECTURE SPECIALIST);8;1 Agustus 2025;Semua UK ada di SKK
104;SAINS DATA-KECERDASAN ARTIFISIAL (DATA SCIENCE-ARTIFICIAL INTELLIGENCE);Data Science-Artificial Intelligence;Belum ada;Belum ada;TIK.DSC0801;KEPALA MANAJEMEN GUDANG DATA (LEAD DATA WAREHOUSE MANAGEMENT);8;17 Januari 2025;Semua UK ada di SKK
105;SAINS DATA-KECERDASAN ARTIFISIAL (DATA SCIENCE-ARTIFICIAL INTELLIGENCE);Data Science-Artificial Intelligence;Belum ada;Belum ada;TIK.DSC0802;KEPALA ILMUWAN DATA (LEAD DATA SCIENTIST);8;27 Februari 2025;Semua UK ada di SKK
106;SAINS DATA-KECERDASAN ARTIFISIAL (DATA SCIENCE-ARTIFICIAL INTELLIGENCE);Data Science-Artificial Intelligence;Belum ada;Belum ada;TIK.DSC0803;KEPALA INSINYUR DATA (LEAD DATA ENGINEER);8;17 Januari 2025;Semua UK ada di SKK
107;SAINS DATA-KECERDASAN ARTIFISIAL (DATA SCIENCE-ARTIFICIAL INTELLIGENCE);Data Science-Artificial Intelligence;Belum ada;Belum ada;TIK.DSC0804;KEPALA INSINYUR PEMBELAJARAN MESIN (LEAD MACHINE LEARNING ENGINEER);8;27 Februari 2025;Semua UK ada di SKK
108;SAINS DATA-KECERDASAN ARTIFISIAL (DATA SCIENCE-ARTIFICIAL INTELLIGENCE);Data Science-Artificial Intelligence;Belum ada;Belum ada;TIK.DSC0805;KEPALA INSINYUR KECERDASAN ARTIFISIAL (LEAD AI ENGINEER);8;27 Februari 2025;Semua UK ada di SKK
109;SAINS DATA-KECERDASAN ARTIFISIAL (DATA SCIENCE-ARTIFICIAL INTELLIGENCE);Data Science-Artificial Intelligence;Belum ada;Belum ada;TIK.DSC0806;SPESIALIS ARSITEKTUR SOLUSI KECERDASAN ARTIFISIAL (AI SOLUTION ARCHITECTURE SPECIALIST);8;27 Februari 2025;Semua UK ada di SKK
110;SAINS DATA-KECERDASAN ARTIFISIAL (DATA SCIENCE-ARTIFICIAL INTELLIGENCE);Data Science-Artificial Intelligence;Belum ada;Belum ada;TIK.DSC0702;INSINYUR DATA (DATA ENGINEER);7;31 Januari 2025;Semua UK ada di SKK
111;SAINS DATA-KECERDASAN ARTIFISIAL (DATA SCIENCE-ARTIFICIAL INTELLIGENCE);Data Science-Artificial Intelligence;Belum ada;Belum ada;TIK.DSC0701;ILMUWAN DATA (DATA SCIENTIST);7;31 Januari 2025;Semua UK ada di SKK
112;SAINS DATA-KECERDASAN ARTIFISIAL (DATA SCIENCE-ARTIFICIAL INTELLIGENCE);Data Science-Artificial Intelligence;Belum ada;Belum ada;TIK.DSC0703;INSINYUR PEMBELAJARAN MESIN (MACHINE LEARNING ENGINEER);7;27 Februari 2025;Semua UK ada di SKK
113;SAINS DATA-KECERDASAN ARTIFISIAL (DATA SCIENCE-ARTIFICIAL INTELLIGENCE);Data Science-Artificial Intelligence;Belum ada;Belum ada;TIK.DSC0704;INSINYUR KECERDASAN ARTIFICIAL (AI ENGINEER);7;27 Februari 2025;Semua UK ada di SKK
114;SAINS DATA-KECERDASAN ARTIFISIAL (DATA SCIENCE-ARTIFICIAL INTELLIGENCE);Data Science-Artificial Intelligence;Belum ada;Belum ada;TIK.DSC0602;ANALIS DATA (DATA ANALYST);6;17 Januari 2025;Semua UK ada di SKK
115;SAINS DATA-KECERDASAN ARTIFISIAL (DATA SCIENCE-ARTIFICIAL INTELLIGENCE);Data Science-Artificial Intelligence;Belum ada;Belum ada;TIK.DSC0604;ADMINISTRATOR BASIS DATA (DATABASE ADMINISTRATOR);6;17 Januari 2025;Semua UK ada di SKK
116;SAINS DATA-KECERDASAN ARTIFISIAL (DATA SCIENCE-ARTIFICIAL INTELLIGENCE);Data Science-Artificial Intelligence;Belum ada;Belum ada;TIK.DSC0605;ANALIS INTELIJEN BISNIS (BUSINESS INTELLIGENCE ANALYST);6;17 Januari 2025;Semua UK ada di SKK
117;SAINS DATA-KECERDASAN ARTIFISIAL (DATA SCIENCE-ARTIFICIAL INTELLIGENCE);Data Science-Artificial Intelligence;Belum ada;Belum ada;TIK.DSC0606;ANOTATOR (ANNOTATOR);6;17 Januari 2025;Semua UK ada di SKK
118;SAINS DATA-KECERDASAN ARTIFISIAL (DATA SCIENCE-ARTIFICIAL INTELLIGENCE);Data Science-Artificial Intelligence;Belum ada;Belum ada;TIK.DSC0607;INSINYUR KUALITAS DATA (DATA QUALITY ENGINEER);6;17 Januari 2025;Semua UK ada di SKK
119;SAINS DATA-KECERDASAN ARTIFISIAL (DATA SCIENCE-ARTIFICIAL INTELLIGENCE);Data Science-Artificial Intelligence;Belum ada;Belum ada;TIK.DSC0601;SUPERVISOR ILMUWAN DATA (DATA SCIENTIST SUPERVISOR);6;31 Januari 2025;Semua UK ada di SKK
120;SAINS DATA-KECERDASAN ARTIFISIAL (DATA SCIENCE-ARTIFICIAL INTELLIGENCE);Data Science-Artificial Intelligence;Belum ada;Belum ada;TIK.DSC0603;SUPERVISOR INSINYUR DATA (DATA ENGINEER SUPERVISOR);6;31 Januari 2025;Semua UK ada di SKK
121;SAINS DATA-KECERDASAN ARTIFISIAL (DATA SCIENCE-ARTIFICIAL INTELLIGENCE);Data Science-Artificial Intelligence;Belum ada;Belum ada;TIK.DSC0501;ILMUWAN DATA MUDA (ASSOCIATE DATA SCIENTIST);5;17 Januari 2025;Semua UK ada di SKK
122;SAINS DATA-KECERDASAN ARTIFISIAL (DATA SCIENCE-ARTIFICIAL INTELLIGENCE);Data Science-Artificial Intelligence;Belum ada;Belum ada;TIK.DSC0503;INSINYUR DATA MUDA (ASSOCIATE DATA ENGINEER);5;17 Januari 2025;Semua UK ada di SKK
123;SAINS DATA-KECERDASAN ARTIFISIAL (DATA SCIENCE-ARTIFICIAL INTELLIGENCE);Data Science-Artificial Intelligence;Belum ada;Belum ada;TIK.DSC0502;ANALIS DATA MUDA (ASSOCIATE DATA ANALYST);5;17 Januari 2025;Semua UK ada di SKK
124;SAINS DATA-KECERDASAN ARTIFISIAL (DATA SCIENCE-ARTIFICIAL INTELLIGENCE);Data Science-Artificial Intelligence;Belum ada;Belum ada;TIK.DSC0301;TEKNISI MANAJEMEN DATA (DATA MANAGEMENT TECHNICIAN);3;17 Januari 2025;Semua UK ada di SKK
125;SAINS DATA-KECERDASAN ARTIFISIAL (DATA SCIENCE-ARTIFICIAL INTELLIGENCE);Data Science-Artificial Intelligence;Belum ada;Belum ada;TIK.DSC0201;OPERATOR ENTRI DATA (DATA ENTRY OPERATOR);2;23 Januari 2025;Semua UK ada di SKK
126;SAINS DATA-KECERDASAN ARTIFISIAL (DATA SCIENCE-ARTIFICIAL INTELLIGENCE);Data Science-Artificial Intelligence;Belum ada;Belum ada;TIK.DSC0202;STAF ANOTATOR (ANNOTATOR STAFF);2;3 Maret 2025;Semua UK ada di SKK
127;KEAMANAN INFORMASI DAN SIBER (INFORMATION AND CYBER SECURITY);Information and Cyber Security;Belum ada;Belum ada;TIK.SEC0901;PIMPINAN KEAMANAN INFORMASI (CHIEF INFORMATION SECURITY OFFICER);9;27 Februari 2025;UK dicabut dan tidak berlaku
128;KEAMANAN INFORMASI DAN SIBER (INFORMATION AND CYBER SECURITY);Information and Cyber Security;Belum ada;Belum ada;TIK.SEC0801;SPESIALIS RISIKO SIBER (CYBER RISK SPECIALIST);8;11 Maret 2025;UK dicabut dan tidak berlaku
129;KEAMANAN INFORMASI DAN SIBER (INFORMATION AND CYBER SECURITY);Information and Cyber Security;Belum ada;Belum ada;TIK.SEC0802;ARSITEK KEAMANAN (SECURITY ARCHITECT);8;24 Februari 2025;UK dicabut dan tidak berlaku
130;KEAMANAN INFORMASI DAN SIBER (INFORMATION AND CYBER SECURITY);Information and Cyber Security;Belum ada;Belum ada;TIK.SEC0803;SPESIALIS KRIPTOGRAFI (CRYPTOGRAPHIC SPECIALIST);8;24 Februari 2025;Semua UK ada di SKK
131;KEAMANAN INFORMASI DAN SIBER (INFORMATION AND CYBER SECURITY);Information and Cyber Security;Belum ada;Belum ada;TIK.SEC0804;MANAJER INVESTIGASI INSIDEN SIBER (CYBER INCIDENT INVESTIGATION MANAGER);8;21 Februari 2025;Semua UK tidak ada di SKK
132;KEAMANAN INFORMASI DAN SIBER (INFORMATION AND CYBER SECURITY);Information and Cyber Security;Belum ada;Belum ada;TIK.SEC0805;SPESIALIS FORENSIK SIBER (CYBER FORENSIC SPECIALIST);8;21 Februari 2025;Semua UK tidak ada di SKK
133;KEAMANAN INFORMASI DAN SIBER (INFORMATION AND CYBER SECURITY);Information and Cyber Security;Belum ada;Belum ada;TIK.SEC0715;MANAJER KEAMANAN DAN WORKSTATION (SECURITY AND WORKSTATIONS MANAGER);7;27 Februari 2025;Ada UK dari selain SKK
134;KEAMANAN INFORMASI DAN SIBER (INFORMATION AND CYBER SECURITY);Information and Cyber Security;Belum ada;Belum ada;TIK.SEC0703;MANAJER KEAMANAN INFORMASI (INFORMATION SECURITY MANAGER);7;23 Juni 2025;Semua UK ada di SKK
135;KEAMANAN INFORMASI DAN SIBER (INFORMATION AND CYBER SECURITY);Information and Cyber Security;Belum ada;Belum ada;TIK.SEC0702;MANAJER KEAMANAN SIBER (CYBERSECURITY MANAGER);7;27 Februari 2025;UK dicabut dan tidak berlaku
136;KEAMANAN INFORMASI DAN SIBER (INFORMATION AND CYBER SECURITY);Information and Cyber Security;Belum ada;Belum ada;TIK.SEC0704;KEPALA PETUGAS KESADARAN KEAMANAN SIBER (CYBERSECURITY AWARENESS LEAD OFFICER);7;24 Februari 2025;Semua UK ada di SKK
137;KEAMANAN INFORMASI DAN SIBER (INFORMATION AND CYBER SECURITY);Information and Cyber Security;Belum ada;Belum ada;TIK.SEC0705;MANAJER TIM TANGGAP INSIDEN (INCIDENT RESPONSE TEAM MANAGER);7;5 Maret 2025;UK dicabut dan tidak berlaku
138;KEAMANAN INFORMASI DAN SIBER (INFORMATION AND CYBER SECURITY);Information and Cyber Security;Belum ada;Belum ada;TIK.SEC0706;PEREKAYASA KRIPTOGRAFI (CRYPTOGRAPHIC ENGINEER);7;24 Februari 2025;Semua UK ada di SKK
139;KEAMANAN INFORMASI DAN SIBER (INFORMATION AND CYBER SECURITY);Information and Cyber Security;Belum ada;Belum ada;TIK.SEC0707;EVALUATOR UTAMA PRODUK KEAMANAN TIK (ICT SECURITY PRODUCT LEAD EVALUATOR);7;21 Februari 2025;Ada UK dari selain SKK
140;KEAMANAN INFORMASI DAN SIBER (INFORMATION AND CYBER SECURITY);Information and Cyber Security;Belum ada;Belum ada;TIK.SEC0712;PENGUJI KEAMANAN SIBER MADYA (SENIOR PENETRATION TESTER);7;20 Februari 2025;Semua UK ada di SKK
141;KEAMANAN INFORMASI DAN SIBER (INFORMATION AND CYBER SECURITY);Information and Cyber Security;Belum ada;Belum ada;TIK.SEC0710;MANAJER SOC (SOC MANAGER);7;26 Februari 2025;Semua UK ada di SKK
142;KEAMANAN INFORMASI DAN SIBER (INFORMATION AND CYBER SECURITY);Information and Cyber Security;Belum ada;Belum ada;TIK.SEC0711;MANAJER AUDIT KEAMANAN INFORMASI (INFORMATION SECURITY AUDIT MANAGER);7;25 Februari 2025;Semua UK ada di SKK
143;KEAMANAN INFORMASI DAN SIBER (INFORMATION AND CYBER SECURITY);Information and Cyber Security;Belum ada;Belum ada;TIK.SEC0701;MANAJER KEAMANAN JARINGAN (NETWORK SECURITY MANAGER);7;22 Januari 2025;UK dicabut dan tidak berlaku
144;KEAMANAN INFORMASI DAN SIBER (INFORMATION AND CYBER SECURITY);Information and Cyber Security;Belum ada;Belum ada;TIK.SEC0708;PEJABAT TATA KELOLA KEAMANAN SIBER (CYBERSECURITY GOVERNANCE OFFICER);7;5 Maret 2025;UK dicabut dan tidak berlaku
145;KEAMANAN INFORMASI DAN SIBER (INFORMATION AND CYBER SECURITY);Information and Cyber Security;Belum ada;Belum ada;TIK.SEC0709;ANALIS FORENSIK DIGITAL (DIGITAL FORENSIC ANALYST);7;26 Februari 2025;Ada UK dari selain SKK
146;KEAMANAN INFORMASI DAN SIBER (INFORMATION AND CYBER SECURITY);Information and Cyber Security;Belum ada;Belum ada;TIK.SEC0713;MANAJER PROGRAM KESADARAN KEAMANAN INFORMASI (INFORMATION SECURITY AWARENESS PROGRAM MANAGER);7;27 Februari 2025;Semua UK ada di SKK
147;KEAMANAN INFORMASI DAN SIBER (INFORMATION AND CYBER SECURITY);Information and Cyber Security;Belum ada;Belum ada;TIK.SEC0714;MANAJER KEAMANAN DATA (DATA SECURITY MANAGER);7;31 Januari 2025;Semua UK tidak ada di SKK
148;KEAMANAN INFORMASI DAN SIBER (INFORMATION AND CYBER SECURITY);Information and Cyber Security;Belum ada;Belum ada;TIK.SEC0716;MANAJER BUKTI DIGITAL (DIGITAL EVIDENCE MANAGER (DEM));7;31 Januari 2025;Semua UK ada di SKK
149;KEAMANAN INFORMASI DAN SIBER (INFORMATION AND CYBER SECURITY);Information and Cyber Security;Belum ada;Belum ada;TIK.SEC0601;ANALIS KEAMANAN SIBER (CYBERSECURITY ANALYST);6;5 Maret 2025;UK dicabut dan tidak berlaku
150;KEAMANAN INFORMASI DAN SIBER (INFORMATION AND CYBER SECURITY);Information and Cyber Security;Belum ada;Belum ada;TIK.SEC0614;PENANGAN PERTAMA BUKTI DIGITAL (DIGITAL EVIDENCE FIRST RESPONDER);6;17 Januari 2025;Semua UK ada di SKK
151;KEAMANAN INFORMASI DAN SIBER (INFORMATION AND CYBER SECURITY);Information and Cyber Security;Belum ada;Belum ada;TIK.SEC0602;PEJABAT KESADARAN KEAMANAN SIBER (CYBERSECURITY AWARENESS OFFICER);6;24 Februari 2025;Semua UK ada di SKK
152;KEAMANAN INFORMASI DAN SIBER (INFORMATION AND CYBER SECURITY);Information and Cyber Security;Belum ada;Belum ada;TIK.SEC0603;ADMINISTRATOR KEAMANAN JARINGAN (NETWORK SECURITY ADMINISTRATOR);6;26 Maret 2025;UK dicabut dan tidak berlaku
153;KEAMANAN INFORMASI DAN SIBER (INFORMATION AND CYBER SECURITY);Information and Cyber Security;Belum ada;Belum ada;TIK.SEC0604;EVALUATOR PRODUK TIK (ICT PRODUCT EVALUATOR);6;21 Februari 2025;Ada UK dari selain SKK
154;KEAMANAN INFORMASI DAN SIBER (INFORMATION AND CYBER SECURITY);Information and Cyber Security;Belum ada;Belum ada;TIK.SEC0605;ADMINISTRATOR KEAMANAN SIBER (CYBERSECURITY ADMINISTRATOR);6;5 Maret 2025;UK dicabut dan tidak berlaku
155;KEAMANAN INFORMASI DAN SIBER (INFORMATION AND CYBER SECURITY);Information and Cyber Security;Belum ada;Belum ada;TIK.SEC0606;ANALIS KRIPTOGRAFI (CRYPTOGRAPHIC ANALYST);6;25 Februari 2025;Semua UK ada di SKK
156;KEAMANAN INFORMASI DAN SIBER (INFORMATION AND CYBER SECURITY);Information and Cyber Security;Belum ada;Belum ada;TIK.SEC0607;ANALIS MODUL KRIPTOGRAFI (CRYPTOGRAPHIC MODULE ANALYST);6;25 Februari 2025;Semua UK ada di SKK
157;KEAMANAN INFORMASI DAN SIBER (INFORMATION AND CYBER SECURITY);Information and Cyber Security;Belum ada;Belum ada;TIK.SEC0611;AUDITOR KEAMANAN INFORMASI (INFORMATION SECURITY AUDITOR);6;25 Februari 2025;Semua UK ada di SKK
158;KEAMANAN INFORMASI DAN SIBER (INFORMATION AND CYBER SECURITY);Information and Cyber Security;Belum ada;Belum ada;TIK.SEC0609;ANALIS SOC TINGKAT 3 (L3 SOC ANALYST);6;25 Februari 2025;Semua UK ada di SKK
159;KEAMANAN INFORMASI DAN SIBER (INFORMATION AND CYBER SECURITY);Information and Cyber Security;Belum ada;Belum ada;TIK.SEC0608;ANALIS TANGGAP INSIDEN (INCIDENT RESPONSE ANALYST);6;26 Februari 2025;Semua UK ada di SKK
160;KEAMANAN INFORMASI DAN SIBER (INFORMATION AND CYBER SECURITY);Information and Cyber Security;Belum ada;Belum ada;TIK.SEC0610;SUPERVISOR AUDIT KEAMANAN INFORMASI (INFORMATION SECURITY AUDIT SUPERVISOR);6;11 Maret 2025;Semua UK ada di SKK
161;KEAMANAN INFORMASI DAN SIBER (INFORMATION AND CYBER SECURITY);Information and Cyber Security;Belum ada;Belum ada;TIK.SEC0612;PENYELENGGARA PROGRAM KESADARAN KEAMANAN INFORMASI (INFORMATION SECURITY AWARENESS PROGRAM OFFICER);6;27 Februari 2025;Semua UK ada di SKK
162;KEAMANAN INFORMASI DAN SIBER (INFORMATION AND CYBER SECURITY);Information and Cyber Security;Belum ada;Belum ada;TIK.SEC0613;ANALIS KEAMANAN INFORMASI (INFORMATION SECURITY ANALYST);6;27 Februari 2025;Semua UK ada di SKK
163;KEAMANAN INFORMASI DAN SIBER (INFORMATION AND CYBER SECURITY);Information and Cyber Security;Belum ada;Belum ada;TIK.SEC0507;KEAMANAN SIBER MUDA (ASSOCIATE CYBER SECURITY);5;24 Februari 2025;UK dicabut dan tidak berlaku
164;KEAMANAN INFORMASI DAN SIBER (INFORMATION AND CYBER SECURITY);Information and Cyber Security;Belum ada;Belum ada;TIK.SEC0501;OPERATOR KEAMANAN SIBER (CYBERSECURITY OPERATOR);5;20 Februari 2025;UK dicabut dan tidak berlaku
165;KEAMANAN INFORMASI DAN SIBER (INFORMATION AND CYBER SECURITY);Information and Cyber Security;Belum ada;Belum ada;TIK.SEC0502;ANALIS SOC TINGKAT 2 (L2 SOC ANALYST);5;20 Februari 2025;Semua UK ada di SKK
166;KEAMANAN INFORMASI DAN SIBER (INFORMATION AND CYBER SECURITY);Information and Cyber Security;Belum ada;Belum ada;TIK.SEC0503;PENGUJI KEAMANAN SIBER (PENETRATION TESTER);5;25 Februari 2025;Semua UK ada di SKK
167;KEAMANAN INFORMASI DAN SIBER (INFORMATION AND CYBER SECURITY);Information and Cyber Security;Belum ada;Belum ada;TIK.SEC0504;ASISTEN AUDITOR KEAMANAN INFORMASI (ASSISTANT INFORMATION SECURITY AUDITOR);5;25 Februari 2025;Semua UK ada di SKK
168;KEAMANAN INFORMASI DAN SIBER (INFORMATION AND CYBER SECURITY);Information and Cyber Security;Belum ada;Belum ada;TIK.SEC0505;PENYULUH KESADARAN KEAMANAN INFORMASI (INFORMATION SECURITY AWARENESS COUNSELOR);5;20 Februari 2025;Semua UK ada di SKK
169;KEAMANAN INFORMASI DAN SIBER (INFORMATION AND CYBER SECURITY);Information and Cyber Security;Belum ada;Belum ada;TIK.SEC0506;PELAKSANA KEAMANAN INFORMASI (JUNIOR INFORMATION SECURITY);5;27 Februari 2025;Semua UK ada di SKK
170;KEAMANAN INFORMASI DAN SIBER (INFORMATION AND CYBER SECURITY);Information and Cyber Security;Belum ada;Belum ada;TIK.SEC0508;PENANGAN PERTAMA BUKTI DIGITAL MUDA (ASSOCIATE DIGITAL EVIDENCE FIRST RESPONDER);5;16 Januari 2025;Semua UK ada di SKK
171;KEAMANAN INFORMASI DAN SIBER (INFORMATION AND CYBER SECURITY);Information and Cyber Security;Belum ada;Belum ada;TIK.SEC0401;ANALIS SOC TINGKAT 1 (L1 SOC ANALYST);4;20 Februari 2025;Semua UK ada di SKK
172;KEAMANAN INFORMASI DAN SIBER (INFORMATION AND CYBER SECURITY);Information and Cyber Security;Belum ada;Belum ada;TIK.SEC0402;ASISTEN KEAMANAN SIBER (CYBER SECURITY ASSISTANT);4;27 Februari 2025;Ada UK dari selain SKK
173;KEAMANAN INFORMASI DAN SIBER (INFORMATION AND CYBER SECURITY);Information and Cyber Security;Belum ada;Belum ada;TIK.SEC0301;PENGUJI KEAMANAN SIBER PERTAMA (JUNIOR PENETRATION TESTER);3;25 Februari 2025;Semua UK ada di SKK
174;TEKNOLOGI DAN INFRASTRUKTUR (INFRASTRUCTURE AND TECHNOLOGY);Infrastructure and Technology;Belum ada;Belum ada;TIK.INF0902;PEMIMPIN INFRASTRUKTUR (CHIEF INFRASTRUCTURE OFFICER);9;31 Januari 2025;Semua UK ada di SKK
175;TEKNOLOGI DAN INFRASTRUKTUR (INFRASTRUCTURE AND TECHNOLOGY);Infrastructure and Technology;Belum ada;Belum ada;TIK.INF0901;PEMIMPIN INFRASTRUKTUR TI (CHIEF IT INFRASTRUCTURE OFFICER);9;27 Februari 2025;Ada UK dari selain SKK
176;TEKNOLOGI DAN INFRASTRUKTUR (INFRASTRUCTURE AND TECHNOLOGY);Infrastructure and Technology;Belum ada;Belum ada;TIK.INF0801;KEPALA MANAJEMEN INFRASTRUKTUR (LEAD INFRASTRUCTURE MANAGEMENT);8;11 Maret 2025;Semua UK ada di SKK
177;TEKNOLOGI DAN INFRASTRUKTUR (INFRASTRUCTURE AND TECHNOLOGY);Infrastructure and Technology;Belum ada;Belum ada;TIK.INF0803;KEPALA PELAYANAN TEKNIS (LEAD TECHNICAL SERVICES);8;31 Januari 2025;Semua UK tidak ada di SKK
178;TEKNOLOGI DAN INFRASTRUKTUR (INFRASTRUCTURE AND TECHNOLOGY);Infrastructure and Technology;Belum ada;Belum ada;TIK.INF0802;KEPALA MANAJEMEN FASILITAS TI (LEAD IT FACILITIES MANAGEMENT);8;23 Januari 2025;Ada UK dari selain SKK
179;TEKNOLOGI DAN INFRASTRUKTUR (INFRASTRUCTURE AND TECHNOLOGY);Infrastructure and Technology;Belum ada;Belum ada;TIK.INF0701;MANAJER PERANGKAT KERAS DAN DIGITAL (HARDWARE AND DIGITAL PERIPHERAL MANAGER);7;11 Maret 2025;UK dicabut dan tidak berlaku
180;TEKNOLOGI DAN INFRASTRUKTUR (INFRASTRUCTURE AND TECHNOLOGY);Infrastructure and Technology;Belum ada;Belum ada;TIK.INF0702;MANAJER JARINGAN (NETWORK MANAGER);7;11 Maret 2025;UK dicabut dan tidak berlaku
181;TEKNOLOGI DAN INFRASTRUKTUR (INFRASTRUCTURE AND TECHNOLOGY);Infrastructure and Technology;Belum ada;Belum ada;TIK.INF0703;INSINYUR JARINGAN SENIOR (SENIOR NETWORK ENGINEER);7;31 Januari 2025;Semua UK ada di SKK
182;TEKNOLOGI DAN INFRASTRUKTUR (INFRASTRUCTURE AND TECHNOLOGY);Infrastructure and Technology;Belum ada;Belum ada;TIK.INF0705;ARSITEK CLOUD COMPUTING (CLOUD COMPUTING ARCHITECT);7;4 Agustus 2025;Semua UK ada di SKK
183;TEKNOLOGI DAN INFRASTRUKTUR (INFRASTRUCTURE AND TECHNOLOGY);Infrastructure and Technology;Belum ada;Belum ada;TIK.INF0706;INSINYUR CLOUD COMPUTING (CLOUD COMPUTING ENGINEER);7;31 Januari 2025;Semua UK ada di SKK
184;TEKNOLOGI DAN INFRASTRUKTUR (INFRASTRUCTURE AND TECHNOLOGY);Infrastructure and Technology;Belum ada;Belum ada;TIK.INF0707;MANAJER PUSAT DATA (DATA CENTER MANAGER);7;23 Januari 2025;Semua UK ada di SKK
185;TEKNOLOGI DAN INFRASTRUKTUR (INFRASTRUCTURE AND TECHNOLOGY);Infrastructure and Technology;Belum ada;Belum ada;TIK.INF0704;INSINYUR SISTEM (SYSTEM ENGINEER);7;20 Februari 2025;Semua UK ada di SKK
186;TEKNOLOGI DAN INFRASTRUKTUR (INFRASTRUCTURE AND TECHNOLOGY);Infrastructure and Technology;Belum ada;Belum ada;TIK.INF0605;TEKNISI JARINGAN KOMPUTER (COMPUTER NETWORK TECHNICIAN);6;31 Januari 2025;Semua UK ada di SKK
187;TEKNOLOGI DAN INFRASTRUKTUR (INFRASTRUCTURE AND TECHNOLOGY);Infrastructure and Technology;Belum ada;Belum ada;TIK.INF0602;ADMINISTRATOR JARINGAN (NETWORK ADMINISTRATOR);6;20 Februari 2025;Semua UK ada di SKK
188;TEKNOLOGI DAN INFRASTRUKTUR (INFRASTRUCTURE AND TECHNOLOGY);Infrastructure and Technology;Belum ada;Belum ada;TIK.INF0603;ADMINISTRATOR SISTEM (SYSTEM ADMINISTRATOR);6;23 Januari 2025;Semua UK ada di SKK
189;TEKNOLOGI DAN INFRASTRUKTUR (INFRASTRUCTURE AND TECHNOLOGY);Infrastructure and Technology;Belum ada;Belum ada;TIK.INF0604;DESAINER JARINGAN (NETWORK DESIGNER);6;23 Januari 2025;Semua UK ada di SKK
190;TEKNOLOGI DAN INFRASTRUKTUR (INFRASTRUCTURE AND TECHNOLOGY);Infrastructure and Technology;Belum ada;Belum ada;TIK.INF0606;PENGEMBANG CLOUD COMPUTING (CLOUD COMPUTING DEVELOPER);6;17 Januari 2025;Semua UK ada di SKK
191;TEKNOLOGI DAN INFRASTRUKTUR (INFRASTRUCTURE AND TECHNOLOGY);Infrastructure and Technology;Belum ada;Belum ada;TIK.INF0607;ADMINISTRATOR FASILITAS PUSAT DATA (DATA CENTER FACILITY ADMINISTRATOR);6;23 Januari 2025;UK dicabut dan tidak berlaku
192;TEKNOLOGI DAN INFRASTRUKTUR (INFRASTRUCTURE AND TECHNOLOGY);Infrastructure and Technology;Belum ada;Belum ada;TIK.INF0608;ARSITEK PERANGKAT (DEVICE ARCHITECT);6;31 Januari 2025;Semua UK ada di SKK
193;TEKNOLOGI DAN INFRASTRUKTUR (INFRASTRUCTURE AND TECHNOLOGY);Infrastructure and Technology;Belum ada;Belum ada;TIK.INF0601;PENGELOLA INSTALASI DAN PEMELIHARAAN PERANGKAT (HARDWARE INSTALLATION AND MAINTENANCE OFFICER);6;11 Maret 2025;UK dicabut dan tidak berlaku
194;TEKNOLOGI DAN INFRASTRUKTUR (INFRASTRUCTURE AND TECHNOLOGY);Infrastructure and Technology;Belum ada;Belum ada;TIK.INF0609;ARSITEK JARINGAN (NETWORK ARCHITECT);6;26 Februari 2025;Semua UK ada di SKK
195;TEKNOLOGI DAN INFRASTRUKTUR (INFRASTRUCTURE AND TECHNOLOGY);Infrastructure and Technology;Belum ada;Belum ada;TIK.INF0610;ARSITEK PLATFORM (PLATFORM ARCHITECT);6;31 Januari 2025;Semua UK ada di SKK
196;TEKNOLOGI DAN INFRASTRUKTUR (INFRASTRUCTURE AND TECHNOLOGY);Infrastructure and Technology;Belum ada;Belum ada;TIK.INF0611;ANALIS KEAMANAN JARINGAN (NETWORK SECURITY ANALYST);6;17 Januari 2025;UK dicabut dan tidak berlaku
197;TEKNOLOGI DAN INFRASTRUKTUR (INFRASTRUCTURE AND TECHNOLOGY);Infrastructure and Technology;Belum ada;Belum ada;TIK.INF0612;ARSITEK KEAMANAN IoT (IoT SECURITY ARCHITECT);6;26 Februari 2025;Semua UK ada di SKK
198;TEKNOLOGI DAN INFRASTRUKTUR (INFRASTRUCTURE AND TECHNOLOGY);Infrastructure and Technology;Belum ada;Belum ada;TIK.INF0613;ARSITEK APLIKASI (APPLICATION ARCHITECT);6;31 Januari 2025;Semua UK ada di SKK
199;TEKNOLOGI DAN INFRASTRUKTUR (INFRASTRUCTURE AND TECHNOLOGY);Infrastructure and Technology;Belum ada;Belum ada;TIK.INF0510;INSINYUR KEAMANAN MUDA (ASSOCIATE SECURITY ENGINEER);5;31 Januari 2025;Semua UK ada di SKK
200;TEKNOLOGI DAN INFRASTRUKTUR (INFRASTRUCTURE AND TECHNOLOGY);Infrastructure and Technology;Belum ada;Belum ada;TIK.INF0508;TEKNISI PUSAT DATA MUDA (ASSOCIATE DATA CENTER TECHNICIAN);5;20 Februari 2025;Semua UK ada di SKK
201;TEKNOLOGI DAN INFRASTRUKTUR (INFRASTRUCTURE AND TECHNOLOGY);Infrastructure and Technology;Belum ada;Belum ada;TIK.INF0507;INSINYUR PLATFORM MUDA (ASSOCIATE PLATFORM ENGINEER);5;20 Februari 2025;Semua UK ada di SKK
202;TEKNOLOGI DAN INFRASTRUKTUR (INFRASTRUCTURE AND TECHNOLOGY);Infrastructure and Technology;Belum ada;Belum ada;TIK.INF0511;INSINYUR APLIKASI MUDA (ASSOCIATE APPLICATION ENGINEER);5;20 Februari 2025;Semua UK ada di SKK
203;TEKNOLOGI DAN INFRASTRUKTUR (INFRASTRUCTURE AND TECHNOLOGY);Infrastructure and Technology;Belum ada;Belum ada;TIK.INF0501;PENGELOLA INSTALASI DAN PEMELIHARAAN PERANGKAT KERAS MUDA (ASSOCIATE HARDWARE INSTALLATION AND MAINTENANCE);5;21 Februari 2025;Semua UK ada di SKK
204;TEKNOLOGI DAN INFRASTRUKTUR (INFRASTRUCTURE AND TECHNOLOGY);Infrastructure and Technology;Belum ada;Belum ada;TIK.INF0502;ADMINISTRATOR JARINGAN MUDA (ASSOCIATE NETWORK ADMINISTRATOR);5;31 Januari 2025;Semua UK ada di SKK
205;TEKNOLOGI DAN INFRASTRUKTUR (INFRASTRUCTURE AND TECHNOLOGY);Infrastructure and Technology;Belum ada;Belum ada;TIK.INF0503;PENDUKUNG TEKNIK CLOUD MUDA (ASSOCIATE CLOUD TECHNICAL SUPPORT);5;23 Januari 2025;Semua UK ada di SKK
206;TEKNOLOGI DAN INFRASTRUKTUR (INFRASTRUCTURE AND TECHNOLOGY);Infrastructure and Technology;Belum ada;Belum ada;TIK.INF0504;TEKNISI JARINGAN KOMPUTER MUDA (ASSOCIATE COMPUTER NETWORK TECHNICIAN);5;17 Januari 2025;Semua UK ada di SKK
207;TEKNOLOGI DAN INFRASTRUKTUR (INFRASTRUCTURE AND TECHNOLOGY);Infrastructure and Technology;Belum ada;Belum ada;TIK.INF0505;INSINYUR PERANGKAT MUDA (ASSOCIATE DEVICE ENGINEER);5;4 Agustus 2025;Semua UK ada di SKK
208;TEKNOLOGI DAN INFRASTRUKTUR (INFRASTRUCTURE AND TECHNOLOGY);Infrastructure and Technology;Belum ada;Belum ada;TIK.INF0506;INSINYUR JARINGAN MUDA (ASSOCIATE NETWORK ENGINEER);5;31 Januari 2025;Semua UK ada di SKK
209;TEKNOLOGI DAN INFRASTRUKTUR (INFRASTRUCTURE AND TECHNOLOGY);Infrastructure and Technology;Belum ada;Belum ada;TIK.INF0509;INTEGRATOR SISTEM MUDA (ASSOCIATE SYSTEMS INTEGRATOR);5;26 Februari 2025;Semua UK ada di SKK
210;TEKNOLOGI DAN INFRASTRUKTUR (INFRASTRUCTURE AND TECHNOLOGY);Infrastructure and Technology;Belum ada;Belum ada;TIK.INF0402;ASISTEN ADMINISTRATOR JARINGAN (ASSISTANT NETWORK ADMINISTRATOR);4;23 Januari 2025;Semua UK ada di SKK
211;TEKNOLOGI DAN INFRASTRUKTUR (INFRASTRUCTURE AND TECHNOLOGY);Infrastructure and Technology;Belum ada;Belum ada;TIK.INF0407;ASISTEN TEKNISI PUSAT DATA (ASSISTANT DATA CENTER TECHNICIAN);4;31 Januari 2025;Semua UK ada di SKK
212;TEKNOLOGI DAN INFRASTRUKTUR (INFRASTRUCTURE AND TECHNOLOGY);Infrastructure and Technology;Belum ada;Belum ada;TIK.INF0408;ASISTEN KEAMANAN (SECURITY ASSISTANT);4;11 Maret 2025;Semua UK ada di SKK
213;TEKNOLOGI DAN INFRASTRUKTUR (INFRASTRUCTURE AND TECHNOLOGY);Infrastructure and Technology;Belum ada;Belum ada;TIK.INF0404;ASISTEN PERANGKAT (DEVICE ASSISTANT);4;11 Maret 2025;Semua UK ada di SKK
214;TEKNOLOGI DAN INFRASTRUKTUR (INFRASTRUCTURE AND TECHNOLOGY);Infrastructure and Technology;Belum ada;Belum ada;TIK.INF0405;ASISTEN JARINGAN (NETWORK ASSISTANT);4;11 Maret 2025;Semua UK ada di SKK
215;TEKNOLOGI DAN INFRASTRUKTUR (INFRASTRUCTURE AND TECHNOLOGY);Infrastructure and Technology;Belum ada;Belum ada;TIK.INF0406;ASISTEN PLATFORM (PLATFORM ASSISTANT);4;11 Maret 2025;Semua UK ada di SKK
216;TEKNOLOGI DAN INFRASTRUKTUR (INFRASTRUCTURE AND TECHNOLOGY);Infrastructure and Technology;Belum ada;Belum ada;TIK.INF0409;ASISTEN APLIKASI (APPLICATION ASSISTANT);4;11 Maret 2025;Semua UK ada di SKK
217;TEKNOLOGI DAN INFRASTRUKTUR (INFRASTRUCTURE AND TECHNOLOGY);Infrastructure and Technology;Belum ada;Belum ada;TIK.INF0401;ASISTEN INSTALASI DAN PEMELIHARAAN PERANGKAT KERAS (HARDWARE INSTALLATION AND MAINTENANCE ASSISTANT);4;20 Februari 2025;Semua UK ada di SKK
218;TEKNOLOGI DAN INFRASTRUKTUR (INFRASTRUCTURE AND TECHNOLOGY);Infrastructure and Technology;Belum ada;Belum ada;TIK.INF0403;ASISTEN TEKNISI JARINGAN KOMPUTER (ASSISTANT COMPUTER NETWORK TECHNICIAN);4;31 Januari 2025;Semua UK ada di SKK
219;TEKNOLOGI DAN INFRASTRUKTUR (INFRASTRUCTURE AND TECHNOLOGY);Infrastructure and Technology;Belum ada;Belum ada;TIK.INF0301;TEKNISI DESKTOP (DESKTOP TECHNICIAN);3;17 Januari 2025;Semua UK ada di SKK
220;TEKNOLOGI DAN INFRASTRUKTUR (INFRASTRUCTURE AND TECHNOLOGY);Infrastructure and Technology;Belum ada;Belum ada;TIK.INF0307;TEKNISI KEAMANAN (SECURITY TECHNICIAN);3;31 Januari 2025;Semua UK ada di SKK
221;TEKNOLOGI DAN INFRASTRUKTUR (INFRASTRUCTURE AND TECHNOLOGY);Infrastructure and Technology;Belum ada;Belum ada;TIK.INF0304;TEKNISI PERANGKAT (DEVICE TECHNICIAN);3;31 Januari 2025;Semua UK ada di SKK
222;TEKNOLOGI DAN INFRASTRUKTUR (INFRASTRUCTURE AND TECHNOLOGY);Infrastructure and Technology;Belum ada;Belum ada;TIK.INF0302;TEKNISI JARINGAN (NETWORK TECHNICIAN);3;31 Januari 2025;Semua UK ada di SKK
223;TEKNOLOGI DAN INFRASTRUKTUR (INFRASTRUCTURE AND TECHNOLOGY);Infrastructure and Technology;Belum ada;Belum ada;TIK.INF0306;TEKNISI PLATFORM (PLATFORM TECHNICIAN);3;31 Januari 2025;Semua UK ada di SKK
224;TEKNOLOGI DAN INFRASTRUKTUR (INFRASTRUCTURE AND TECHNOLOGY);Infrastructure and Technology;Belum ada;Belum ada;TIK.INF0308;TEKNISI APLIKASI (APPLICATION TECHNICIAN);3;21 Juli 2025;Semua UK ada di SKK
225;TEKNOLOGI DAN INFRASTRUKTUR (INFRASTRUCTURE AND TECHNOLOGY);Infrastructure and Technology;Belum ada;Belum ada;TIK.INF0305;TEKNISI JARINGAN IoT (IoT NETWORK TECHNICIAN);3;31 Januari 2025;Semua UK ada di SKK
226;TEKNOLOGI DAN INFRASTRUKTUR (INFRASTRUCTURE AND TECHNOLOGY);Infrastructure and Technology;Belum ada;Belum ada;TIK.INF0303;TEKNISI DUKUNGAN TEKNIK PUSAT DATA (DATA CENTER TECHNICAL SUPPORT TECHNICIAN);3;20 Februari 2025;Semua UK ada di SKK
227;TEKNOLOGI DAN INFRASTRUKTUR (INFRASTRUCTURE AND TECHNOLOGY);Infrastructure and Technology;Belum ada;Belum ada;TIK.INF0201;STAF OPERATOR KOMPUTER PERSONAL (PERSONAL COMPUTER OPERATOR STAFF);2;17 Januari 2025;Semua UK ada di SKK
228;TEKNOLOGI DAN INFRASTRUKTUR (INFRASTRUCTURE AND TECHNOLOGY);Infrastructure and Technology;Belum ada;Belum ada;TIK.INF0202;STAF TEKNISI DUKUNGAN JARINGAN (NETWORK SUPPORT TECHNICIAN STAFF);2;17 Januari 2025;Semua UK ada di SKK
229;TEKNOLOGI DAN INFRASTRUKTUR (INFRASTRUCTURE AND TECHNOLOGY);Infrastructure and Technology;Belum ada;Belum ada;TIK.INF0203;OPERATOR IoT (IoT OPERATOR);2;20 Februari 2025;Semua UK ada di SKK
230;LAYANAN TEKNOLOGI INFORMASI (IT SERVICES);IT Services;Belum ada;Belum ada;TIK.SRV0801;KEPALA MANAJEMEN LAYANAN TI (LEAD IT SERVICES MANAGEMENT);8;19 Juni 2025;Semua UK ada di SKK
231;LAYANAN TEKNOLOGI INFORMASI (IT SERVICES);IT Services;Belum ada;Belum ada;TIK.SRV0701;MANAJER LAYANAN TI (IT SERVICE MANAGER);7;20 Februari 2025;Semua UK ada di SKK
232;LAYANAN TEKNOLOGI INFORMASI (IT SERVICES);IT Services;Belum ada;Belum ada;TIK.SRV0704;MANAJER SISTEM INTERNET (INTERNET SYSTEMS MANAGER);7;26 Februari 2025;Ada UK dari selain SKK
233;LAYANAN TEKNOLOGI INFORMASI (IT SERVICES);IT Services;Belum ada;Belum ada;TIK.SRV0703;MANAJER AKTIVITAS INTERNET/INTRANET (INTERNET/INTRANET ACTIVITIES MANAGER);7;27 Februari 2025;Ada UK dari selain SKK
234;LAYANAN TEKNOLOGI INFORMASI (IT SERVICES);IT Services;Belum ada;Belum ada;TIK.SRV0705;MANAJER KONTEN WEB (WEB CONTENT MANAGER);7;20 Februari 2025;Ada UK dari selain SKK
235;LAYANAN TEKNOLOGI INFORMASI (IT SERVICES);IT Services;Belum ada;Belum ada;TIK.SRV0706;MANAJER KONTEN WEB DAN VIDEO (VIDEO AND WEBSITE CONTENT MANAGER);7;19 Juni 2025;Ada UK dari selain SKK
236;LAYANAN TEKNOLOGI INFORMASI (IT SERVICES);IT Services;Belum ada;Belum ada;TIK.SRV0702;MANAJER TI (IT MANAGER);7;20 Februari 2025;Semua UK ada di SKK
237;LAYANAN TEKNOLOGI INFORMASI (IT SERVICES);IT Services;Belum ada;Belum ada;TIK.SRV0601;SUPERVISOR LAYANAN TI (IT SERVICE SUPERVISOR);6;20 Februari 2025;Semua UK ada di SKK
238;LAYANAN TEKNOLOGI INFORMASI (IT SERVICES);IT Services;Belum ada;Belum ada;TIK.SRV0603;PENGELOLA WEB (WEBMASTER);6;19 Juni 2025;Ada UK dari selain SKK
239;LAYANAN TEKNOLOGI INFORMASI (IT SERVICES);IT Services;Belum ada;Belum ada;TIK.SRV0604;ANALIS WEB (WEB ANALYST);6;19 Juni 2025;Semua UK ada di SKK
240;LAYANAN TEKNOLOGI INFORMASI (IT SERVICES);IT Services;Belum ada;Belum ada;TIK.SRV0605;ANALIS PEMROSESAN TRANSAKSI DARING (ONLINE TRANSACTION PROCESSING ANALYST);6;19 Juni 2025;Ada UK dari selain SKK
241;LAYANAN TEKNOLOGI INFORMASI (IT SERVICES);IT Services;Belum ada;Belum ada;TIK.SRV0606;ADMINISTRATOR WEB (WEB ADMINISTRATOR);6;19 Juni 2025;Ada UK dari selain SKK
242;LAYANAN TEKNOLOGI INFORMASI (IT SERVICES);IT Services;Belum ada;Belum ada;TIK.SRV0607;ADMINISTRATOR INTERNET/INTRANET (INTERNET/INTRANET ADMINISTRATOR);6;19 Juni 2025;Ada UK dari selain SKK
243;LAYANAN TEKNOLOGI INFORMASI (IT SERVICES);IT Services;Belum ada;Belum ada;TIK.SRV0602;PENGELOLA LAYANAN TI (IT SERVICE COORDINATOR);6;19 Juni 2025;Semua UK ada di SKK
244;LAYANAN TEKNOLOGI INFORMASI (IT SERVICES);IT Services;Belum ada;Belum ada;TIK.SRV0501;TEKNISI KOMPUTER MUDA (ASSOCIATE COMPUTER TECHNICIAN);5;20 Februari 2025;Semua UK ada di SKK
245;LAYANAN TEKNOLOGI INFORMASI (IT SERVICES);IT Services;Belum ada;Belum ada;TIK.SRV0504;PENGELOLA DUKUNGAN LAYANAN TI MUDA (ASSOCIATE IT SUPPORT);5;5 Maret 2025;UK dicabut dan tidak berlaku
246;LAYANAN TEKNOLOGI INFORMASI (IT SERVICES);IT Services;Belum ada;Belum ada;TIK.SRV0502;PENGELOLA HELPDESK MUDA (ASSOCIATE HELPDESK);5;18 Februari 2025;Semua UK ada di SKK
247;LAYANAN TEKNOLOGI INFORMASI (IT SERVICES);IT Services;Belum ada;Belum ada;TIK.SRV0503;PENGELOLA LAYANAN TI MUDA (ASSOCIATE IT SERVICE OPERATOR);5;21 Februari 2025;Semua UK ada di SKK
248;LAYANAN TEKNOLOGI INFORMASI (IT SERVICES);IT Services;Belum ada;Belum ada;TIK.SRV0505;PENGEMBANG INTERNET MUDA (ASSOCIATE INTERNET DEVELOPER);5;19 Juni 2025;Ada UK dari selain SKK
249;LAYANAN TEKNOLOGI INFORMASI (IT SERVICES);IT Services;Belum ada;Belum ada;TIK.SRV0506;DESAINER SITUS WEB MUDA (ASSOCIATE WEBSITE DESIGNER);5;17 Januari 2025;Ada UK dari selain SKK
250;LAYANAN TEKNOLOGI INFORMASI (IT SERVICES);IT Services;Belum ada;Belum ada;TIK.SRV0401;ASISTEN TEKNISI KOMPUTER (ASSISTANT COMPUTER TECHNICIAN);4;19 Juni 2025;Semua UK ada di SKK
251;LAYANAN TEKNOLOGI INFORMASI (IT SERVICES);IT Services;Belum ada;Belum ada;TIK.SRV0402;ASISTEN E-COMMERCE (E-COMMERCE ASSISTANT);4;19 Juni 2025;Ada UK dari selain SKK
252;LAYANAN TEKNOLOGI INFORMASI (IT SERVICES);IT Services;Belum ada;Belum ada;TIK.SRV0302;TEKNISI PERBAIKAN KOMPUTER (COMPUTER REPAIR TECHNICIAN);3;4 Agustus 2025;Semua UK ada di SKK
253;LAYANAN TEKNOLOGI INFORMASI (IT SERVICES);IT Services;Belum ada;Belum ada;TIK.SRV0301;TEKNISI OPERATOR KOMPUTER (COMPUTER OPERATOR TECHNICIAN);3;23 Juni 2025;Semua UK ada di SKK
254;LAYANAN TEKNOLOGI INFORMASI (IT SERVICES);IT Services;Belum ada;Belum ada;TIK.SRV0201;STAF OPERATOR PERKANTORAN (COMPUTER OPERATOR STAFF);2;16 Januari 2025;Semua UK ada di SKK
255;LAYANAN TEKNOLOGI INFORMASI (IT SERVICES);IT Services;Belum ada;Belum ada;TIK.SRV0101;OPERATOR KOMPUTER (COMPUTER OPERATOR);1;23 Juni 2025;Semua UK ada di SKK